Name	Banner Link	icon link	link	Is On SteamRevolver?	Is it Buzzheather or google drive or both	Is It Working?	Straight download link	new?
12 Is Better Than 6	https://file.garden/Zya8-gItADlYXzdp/download%20(22).jpeg	https://raw.githubusercontent.com/BrickPlex/SteamRevolverDB/refs/heads/main/0a7d47fa-bf06-4db5-a987-5292fe8cda43.jpg	https://sites.google.com/view/steamrevolver/steamrevolvers/12-is-better-than-6	Yes	google drive	Yes		No
60 Seconds	https://raw.githubusercontent.com/BrickPlex/SteamRevolverDB/refs/heads/main/ss_126c785fa276a762d85f38e9591c3bdbc445a4d8.jpg	https://file.garden/Zya8-gItADlYXzdp/35e2dcdbea1950a7a290dd0c282da0a0.png	https://sites.google.com/view/steamrevolver/steamrevolvers/60-seconds	Yes	google drive	Yes		No
Balatro	https://file.garden/Zya8-gItADlYXzdp/Balatro_cover.jpg	https://file.garden/Zya8-gItADlYXzdp/d.jpg	https://sites.google.com/view/steamrevolver/steamrevolvers/bullatro	Yes	google drive	Yes		No
Call of Duty: Black Ops	https://file.garden/Zya8-gItADlYXzdp/download%20(24).jpeg	https://file.garden/Zya8-gItADlYXzdp/she.jpg	https://sites.google.com/view/steamrevolver/steamrevolvers/call-of-duty-black-opps	Yes	google drive	Yes		No
Clover Pit	https://raw.githubusercontent.com/BrickPlex/SteamRevolverDB/refs/heads/main/download%20(25).jpeg	https://file.garden/Zya8-gItADlYXzdp/CloverPit_cover.jpg	https://sites.google.com/view/steamrevolver/steamrevolvers/clover-pit	Yes	google drive	Yes		No
Content Warning	https://raw.githubusercontent.com/BrickPlex/SteamRevolverDB/refs/heads/main/banner600.jpg	https://file.garden/Zya8-gItADlYXzdp/contwar.jpg	https://sites.google.com/view/steamrevolver/steamrevolvers/content-warning	Yes	google drive	Yes		No
Cuphead	https://raw.githubusercontent.com/BrickPlex/SteamRevolverDB/refs/heads/main/download.png	https://file.garden/Zya8-gItADlYXzdp/512x512.png	https://sites.google.com/view/steamrevolver/steamrevolvers/cup-head	Yes	google drive	Yes		No
Dark Souls 2	https://raw.githubusercontent.com/BrickPlex/SteamRevolverDB/refs/heads/main/download%20(26).jpeg	https://raw.githubusercontent.com/BrickPlex/SteamRevolverDB/refs/heads/main/8acb1ff404934847c541dd7ca4e9e963.png	https://sites.google.com/view/steamrevolver/steamrevolvers/dark-souls-2	Yes	google drive	Yes		No
Dispatch	https://raw.githubusercontent.com/BrickPlex/SteamRevolverDB/refs/heads/main/Jf1Myqg2.jpg	https://file.garden/Zya8-gItADlYXzdp/02f9415af9bb0e1f2da0d11ebf525ab0.png	https://sites.google.com/view/steamrevolver/steamrevolvers/dispatcg	Yes	google drive	Yes		No
Doom	https://raw.githubusercontent.com/BrickPlex/SteamRevolverDB/refs/heads/main/download%20(27).jpeg	https://raw.githubusercontent.com/BrickPlex/SteamRevolverDB/refs/heads/main/b2abecb16fd0b3ab8d15e01a42129ccbe819b887.png	https://sites.google.com/view/steamrevolver/steamrevolvers/myron-3d/doom	Yes	google drive	Yes		No
FNaF (Five Nights at Freddy's)	https://raw.githubusercontent.com/BrickPlex/SteamRevolverDB/refs/heads/main/download%20(28).jpeg	https://raw.githubusercontent.com/BrickPlex/SteamRevolverDB/refs/heads/main/6aab1270668d8cac7cef2566a1c5f569.png	https://sites.google.com/view/steamrevolver/steamrevolvers/fnaf	Yes	google drive	Yes		No
FNaF 2	https://raw.githubusercontent.com/BrickPlex/SteamRevolverDB/refs/heads/main/download%20(29).jpeg	https://file.garden/Zya8-gItADlYXzdp/256x256.png	https://sites.google.com/view/steamrevolver/steamrevolvers/fnaf-2	Yes	google drive	Yes		No
FNaF 3	https://raw.githubusercontent.com/BrickPlex/SteamRevolverDB/refs/heads/main/springtrap.webp	https://raw.githubusercontent.com/BrickPlex/SteamRevolverDB/refs/heads/main/54a367d629152b720749e187b3eaa11b.png	https://sites.google.com/view/steamrevolver/steamrevolvers/fnaf-3	Yes	google drive	Yes		No
FNaF Security Breach	https://raw.githubusercontent.com/BrickPlex/SteamRevolverDB/refs/heads/main/download%20(31).jpeg	https://raw.githubusercontent.com/BrickPlex/SteamRevolverDB/refs/heads/main/FGwxrhzWUAEPW5Q.jpg	https://sites.google.com/view/steamrevolver/steamrevolvers/fnaf-security-breach	Yes	google drive	Yes		No
Geometry Dash	https://raw.githubusercontent.com/BrickPlex/SteamRevolverDB/refs/heads/main/download%20(32).jpeg	https://raw.githubusercontent.com/BrickPlex/SteamRevolverDB/refs/heads/main/630be2daec290610d9ec3c7ba9bbacc786996953.ico	https://sites.google.com/view/steamrevolver/steamrevolvers/geometry-dash	Yes	google drive	Yes		No
Getting Over It	https://raw.githubusercontent.com/BrickPlex/SteamRevolverDB/refs/heads/main/Getting_Over_It_with_Bennett_Foddy.jpg	https://raw.githubusercontent.com/BrickPlex/SteamRevolverDB/refs/heads/main/unnamed.jpg	https://sites.google.com/view/steamrevolver/steamrevolvers/getting-over-it	Yes	google drive	Yes		No
Ghost of Tsushima	https://raw.githubusercontent.com/BrickPlex/SteamRevolverDB/refs/heads/main/download%20(33).jpeg	https://raw.githubusercontent.com/BrickPlex/SteamRevolverDB/refs/heads/main/62ff479880ad9a16a568691f85f90ba4.ico	https://drive.google.com/file/d/1L47ZxvZuEKcElhRFcqlqvBivihHAfVmu/view?usp=sharing	Yes	google drive	Yes		No
Gmod (Garry's Mod)	https://raw.githubusercontent.com/BrickPlex/SteamRevolverDB/refs/heads/main/gmod.jpg	https://raw.githubusercontent.com/BrickPlex/SteamRevolverDB/refs/heads/main/05a0c4a3f3a22424cf61ae7edb982888.png	https://sites.google.com/view/steamrevolver/steamrevolvers/gmod	Yes	google drive	Yes		No
Goat Simulator	https://file.garden/Zya8-gItADlYXzdp/goat.jpg	https://raw.githubusercontent.com/BrickPlex/SteamRevolverDB/refs/heads/main/c393f0ff11ece8e0437e70b8bf8fc75176e4575d55f4c0a99bcf6870df772c42_200.webp	https://sites.google.com/view/steamrevolver/steamrevolvers/goat-simulator	Yes	google drive	Yes		No
God of War	https://raw.githubusercontent.com/BrickPlex/SteamRevolverDB/refs/heads/main/godofwar.png	https://raw.githubusercontent.com/BrickPlex/SteamRevolverDB/refs/heads/main/godofwar.png	https://sites.google.com/view/steamrevolver/steamrevolvers/god-of-war	Yes	google drive	Yes		No
Enter the gungeon	https://raw.githubusercontent.com/BrickPlex/SteamRevolverDB/refs/heads/main/download%20(34).jpeg	https://raw.githubusercontent.com/BrickPlex/SteamRevolverDB/refs/heads/main/images.png	https://sites.google.com/view/steamrevolver/steamrevolvers/gun	Yes	google drive	Yes		No
Henry Stickman	https://raw.githubusercontent.com/BrickPlex/SteamRevolverDB/refs/heads/main/download%20(35).jpeg	https://raw.githubusercontent.com/BrickPlex/SteamRevolverDB/refs/heads/main/henry.ico	https://sites.google.com/view/steamrevolver/steamrevolvers/stickmen	Yes	google drive	Yes		No
Hollow Knight	https://raw.githubusercontent.com/BrickPlex/SteamRevolverDB/refs/heads/main/download%20(36).jpeg	https://raw.githubusercontent.com/BrickPlex/SteamRevolverDB/refs/heads/main/602d1305678a8d5fdb372271e980da6a.ico	https://sites.google.com/view/steamrevolver/steamrevolvers/hollow-knighty	Yes	google drive	Yes		No
I Am Bread	https://file.garden/Zya8-gItADlYXzdp/Iambred.jpg	https://raw.githubusercontent.com/BrickPlex/SteamRevolverDB/refs/heads/main/1024x1024.png	https://sites.google.com/view/steamrevolver/steamrevolvers/i-am-bread	Yes	google drive	Yes		No
Lethal Company	https://raw.githubusercontent.com/BrickPlex/SteamRevolverDB/refs/heads/main/download%20(37).jpeg	https://raw.githubusercontent.com/BrickPlex/SteamRevolverDB/refs/heads/main/11659e33d85b46e21d8feb1eed9c9060.ico	https://sites.google.com/view/steamrevolver/steamrevolvers/lethal-company	Yes	google drive	Yes		No
MegaBonk	https://raw.githubusercontent.com/BrickPlex/SteamRevolverDB/refs/heads/main/download%20(38).jpeg	https://raw.githubusercontent.com/BrickPlex/SteamRevolverDB/refs/heads/main/62215a51b21699de8f76d6e232c93acf84d4e5cb.ico	https://sites.google.com/view/steamrevolver/steamrevolvers/megabonk	Yes	google drive	Yes		No
Minecraft	https://raw.githubusercontent.com/BrickPlex/SteamRevolverDB/refs/heads/main/download%20(39).jpg	https://raw.githubusercontent.com/BrickPlex/SteamRevolverDB/refs/heads/main/i-improved-the-minecraft-launcher-icon-v0-jrrexgfwbyob1.webp	https://sites.google.com/view/steamrevolver/steamrevolvers/minecraft	Yes	google drive	Yes		No
Momo Crash	https://raw.githubusercontent.com/BrickPlex/SteamRevolverDB/refs/heads/main/download%20(40).jpeg	https://file.garden/Zya8-gItADlYXzdp/logo.png	https://sites.google.com/view/steamrevolver/steamrevolvers/momo-crash	Yes	google drive	Yes		No
Mortal Kombat X	https://raw.githubusercontent.com/BrickPlex/SteamRevolverDB/refs/heads/main/download%20(42).jpeg	https://file.garden/Zya8-gItADlYXzdp/icon/1e62bf5e02913213bfa531197d464ec9e789928a.ico	https://sites.google.com/view/steamrevolver/steamrevolvers/mortal-combat-x	Yes	google drive	Yes		No
Night of the Consumer	https://file.garden/Zya8-gItADlYXzdp/download%20(41).jpeg		https://sites.google.com/view/steamrevolver/steamrevolvers/night-of-the-consumer	Yes	google drive	Yes		No
Paint the Town Red	https://raw.githubusercontent.com/BrickPlex/SteamRevolverDB/refs/heads/main/download%20(43).jpeg	https://raw.githubusercontent.com/BrickPlex/SteamRevolverDB/refs/heads/main/3f9400cd25af3433f7fad02907b26b469c5c400c.ico	https://sites.google.com/view/steamrevolver/steamrevolvers/paint-the-town-red	Yes	google drive	Yes		No
PC Build Simulator 2	https://file.garden/Zya8-gItADlYXzdp/pb.jpg	https://file.garden/Zya8-gItADlYXzdp/icon/256x256.png	https://sites.google.com/view/steamrevolver/steamrevolvers/pc-build-sim	Yes	google drive	Yes		No
Pizza Tower	https://raw.githubusercontent.com/BrickPlex/SteamRevolverDB/refs/heads/main/download%20(44).jpeg	https://file.garden/Zya8-gItADlYXzdp/icon/dc599c7a324929b40daa7df6ab61af80.png	https://sites.google.com/view/steamrevolver/steamrevolvers/pizza-tower	Yes	google drive	Yes		No
Raft	https://file.garden/Zya8-gItADlYXzdp/download%20(45).jpeg	https://file.garden/Zya8-gItADlYXzdp/icon/raft.jpg	https://sites.google.com/view/steamrevolver/steamrevolvers/raft	Yes	google drive	Yes		No
Scrutinized	https://file.garden/Zya8-gItADlYXzdp/download%20(46).jpeg	https://file.garden/Zya8-gItADlYXzdp/icon/5f2bbbcf7e696c2e5211f2d2.avif	https://sites.google.com/view/steamrevolver/steamrevolvers/silksong	Yes	google drive	Yes		No
Silksong	https://raw.githubusercontent.com/BrickPlex/SteamRevolverDB/refs/heads/main/download%20(47).jpeg	https://raw.githubusercontent.com/BrickPlex/SteamRevolverDB/refs/heads/main/28f5a41307a55aa9151db0b4104ac327039d2683.ico	https://sites.google.com/view/steamrevolver/steamrevolvers/silksong	Yes	google drive	Yes		No
Sneak Thief	https://file.garden/Zya8-gItADlYXzdp/download%20(48).jpeg	https://file.garden/Zya8-gItADlYXzdp/icon/71f0a5b922bf2557c97f8cc8d706c5d1.png	https://sites.google.com/view/steamrevolver/steamrevolvers/sneak-thief	Yes	google drive	Yes		No
Stay Out of the House	https://file.garden/Zya8-gItADlYXzdp/download%20(49).jpeg	https://file.garden/Zya8-gItADlYXzdp/icon/b2a2274500e0cdd19206e04312215b96.png	https://sites.google.com/view/steamrevolver/steamrevolvers/stay-out-of-the-house	Yes	google drive	Yes		No
Stray	https://file.garden/Zya8-gItADlYXzdp/download%20(50).jpeg	https://file.garden/Zya8-gItADlYXzdp/icon/c28b0f828625bf051e75f4addd6cca2e9973086e.ico	https://sites.google.com/view/steamrevolver/steamrevolvers/swords-with-saquce	Yes	google drive	Yes		No
Swords with Sauce	https://file.garden/Zya8-gItADlYXzdp/download.png	https://file.garden/Zya8-gItADlYXzdp/icon/c130d7cb20821f3c8d6e4ea39a1f52e64843035c.ico	https://sites.google.com/view/steamrevolver/steamrevolvers/swords-with-saquce	Yes	google drive	Yes		No
The FNaF Colelction 	https://raw.githubusercontent.com/BrickPlex/SteamRevolverDB/refs/heads/main/download%20(51).jpeg	https://file.garden/Zya8-gItADlYXzdp/icon/fnafff.jpg	https://sites.google.com/view/steamrevolver/steamrevolvers/the-fnaf-collection	Yes	google drive	Yes		No
The Patrick Star Game	https://file.garden/Zya8-gItADlYXzdp/download%20(52).jpeg	https://file.garden/Zya8-gItADlYXzdp/icon/57b4c217e6fdcde672ea3fa20518649d.ico	https://sites.google.com/view/steamrevolver/steamrevolvers/copy-of-ultra-kill	Yes	google drive	Yes		No
Thirstiest Time of the Year	https://file.garden/Zya8-gItADlYXzdp/sddefault.jpg	https://file.garden/Zya8-gItADlYXzdp/icon/NQre_S.png	https://sites.google.com/view/steamrevolver/steamrevolvers/thirstiest-time-of-the-year	Yes	google drive	Yes		No
Ultrakill	https://file.garden/Zya8-gItADlYXzdp/download%20(53).jpeg	https://raw.githubusercontent.com/BrickPlex/SteamRevolverDB/refs/heads/main/1ce7e1b08aefa82dca980ed52b550310.ico	https://sites.google.com/view/steamrevolver/steamrevolvers/ultra-kill	Yes	google drive	Yes		No
Untitled Goose Game	https://raw.githubusercontent.com/BrickPlex/SteamRevolverDB/refs/heads/main/download%20(54).jpeg	https://raw.githubusercontent.com/BrickPlex/SteamRevolverDB/refs/heads/main/96d1382d50a8e569d7ad3d9ee104a1f7.png	https://sites.google.com/view/steamrevolver/steamrevolvers/untitled-goose-game	Yes	google drive	Yes		No
Watch Dogs 2	https://file.garden/Zya8-gItADlYXzdp/download%20(55).jpeg	https://raw.githubusercontent.com/BrickPlex/SteamRevolverDB/refs/heads/main/download.jpg	https://sites.google.com/view/steamrevolver/steamrevolvers/watch-dogs-2	Yes	google drive	Yes		No
Welcome to the Game 2	https://file.garden/Zya8-gItADlYXzdp/wttg2.jpg	https://raw.githubusercontent.com/BrickPlex/SteamRevolverDB/refs/heads/main/Wttg2.webp	https://sites.google.com/view/steamrevolver/steamrevolvers/welcome-to-the-game-2	Yes	google drive	Yes		No
Witcher 3: Wild Hunt	https://raw.githubusercontent.com/BrickPlex/SteamRevolverDB/refs/heads/main/download%20(56).jpeg	https://raw.githubusercontent.com/BrickPlex/SteamRevolverDB/refs/heads/main/d8p7j8m-978d944f-b106-413d-9e7b-18fc7875b47c.png	https://sites.google.com/view/steamrevolver/steamrevolvers/the-witcher-3	Yes	google drive	Yes		No
No, I'm not a humman	https://raw.githubusercontent.com/BrickPlex/SteamRevolverDB/refs/heads/main/download%20(57).jpeg	https://raw.githubusercontent.com/BrickPlex/SteamRevolverDB/refs/heads/main/no-im-not-a-human-button-1736179219621.webp	https://sites.google.com/view/steamrevolver/steamrevolvers/no-im-not-humman	Yes	google drive	Yes		No
NBA 2k16	https://file.garden/Zya8-gItADlYXzdp/download%20(58).jpeg	https://raw.githubusercontent.com/BrickPlex/SteamRevolverDB/refs/heads/main/nba_2k16_dock_icon_by_veatbreaker_d9bmfdv-375w-2x.png	https://sites.google.com/view/steamrevolver/steamrevolvers/nba-2k16	Yes	google drive	Yes		No
Red dead redemption	https://file.garden/Zya8-gItADlYXzdp/download%20(59).jpeg	https://raw.githubusercontent.com/BrickPlex/SteamRevolverDB/refs/heads/main/c82b5d452621302114ac215d91fcf846.png	https://sites.google.com/view/steamrevolver/steamrevolvers/red-dead-redemption	Yes	google drive	Yes		No
clone Hero	https://raw.githubusercontent.com/BrickPlex/SteamRevolverDB/refs/heads/main/download%20(60).jpeg	https://raw.githubusercontent.com/BrickPlex/SteamRevolverDB/refs/heads/main/97qzu0ak4uw61.png	https://sites.google.com/view/steamrevolver/steamrevolvers/clone-hero	Yes	google drive	Yes		No
Sonic Mania	https://raw.githubusercontent.com/BrickPlex/SteamRevolverDB/refs/heads/main/sonik.jpg	https://raw.githubusercontent.com/BrickPlex/SteamRevolverDB/refs/heads/main/d840cc5d906c3e9c84374c8919d2074e.png	https://sites.google.com/view/steamrevolver/steamrevolvers/sonic-mania	Yes	google drive	Yes		No
Slime Rancher	https://raw.githubusercontent.com/BrickPlex/SteamRevolverDB/refs/heads/main/aff6cd66323919.5bb6502a937e6.webp	https://raw.githubusercontent.com/BrickPlex/SteamRevolverDB/refs/heads/main/slimy.jpg	https://sites.google.com/view/steamrevolver/steamrevolvers/slime-rancher	Yes	google drive	Yes		No
Slime Rancher 2	https://raw.githubusercontent.com/BrickPlex/SteamRevolverDB/refs/heads/main/download%20(62).jpeg	https://file.garden/Zya8-gItADlYXzdp/sr2.png	https://sites.google.com/view/steamrevolver/steamrevolvers/slime-rancher-2	Yes	google drive	Yes		No
LEGO Star Wars III	https://raw.githubusercontent.com/BrickPlex/SteamRevolverDB/refs/heads/main/download%20(63).jpeg	https://raw.githubusercontent.com/BrickPlex/SteamRevolverDB/refs/heads/main/368851f0daad52f957f7d12038c84bd6.png	https://sites.google.com/view/steamrevolver/steamrevolvers/lego-star-wars-iii-the-clone-war	Yes	google drive	Yes		No
Lobotomy corporation	https://raw.githubusercontent.com/BrickPlex/SteamRevolverDB/refs/heads/main/download%20(64).jpeg	https://raw.githubusercontent.com/BrickPlex/SteamRevolverDB/refs/heads/main/44c74289986156fe463934320cf9444e.ico	https://sites.google.com/view/steamrevolver/steamrevolvers/lobotomy-academy	Yes	google drive	Yes		No
Deadrising	https://file.garden/Zya8-gItADlYXzdp/download%20(65).jpeg	https://file.garden/Zya8-gItADlYXzdp/0113c64ca9d9475255c5d0d83e6d2367.png	https://sites.google.com/view/steamrevolver/steamrevolvers/deadrising	Yes	google drive	Yes		No
Hytale	https://raw.githubusercontent.com/BrickPlex/SteamRevolverDB/refs/heads/main/download%20(66).jpeg	https://file.garden/Zya8-gItADlYXzdp/htyale.jpg	https://sites.google.com/view/steamrevolver/steamrevolvers/hytale	Yes	google drive	Yes		No
silent hill 2	https://file.garden/Zya8-gItADlYXzdp/download%20(67).jpeg	https://file.garden/Zya8-gItADlYXzdp/d2e2e4e5476e75f771d6445eef50b134.jpg	https://sites.google.com/view/steamrevolver/steamrevolvers/silent-hill-2	Yes	google drive	Yes		No
teardown	https://file.garden/Zya8-gItADlYXzdp/download%20(68).jpeg	https://raw.githubusercontent.com/BrickPlex/SteamRevolverDB/refs/heads/main/22722a343513ed45f14905eb07621686.ico	https://sites.google.com/view/steamrevolver/steamrevolvers/teardown	Yes	google drive	Yes		No
Tom Clancy's Splinter Cell Conviction	https://raw.githubusercontent.com/BrickPlex/SteamRevolverDB/refs/heads/main/download%20(69).jpeg	https://raw.githubusercontent.com/BrickPlex/SteamRevolverDB/refs/heads/main/6e0e24295e8a86282cb559b860416812.ico	https://sites.google.com/view/steamrevolver/steamrevolvers/tom-clancys-splinter-cell-conviction	Yes	google drive	Yes		No
Mario 64 multiplayer	https://file.garden/Zya8-gItADlYXzdp/download%20(70).jpeg	https://raw.githubusercontent.com/BrickPlex/SteamRevolverDB/refs/heads/main/2326eb84b13c47afd79b98dda65b4fd9.png	https://sites.google.com/view/steamrevolver/steamrevolvers/mario-64-multiplayer	Yes	google drive	Yes		No
left 4 dead 2	https://raw.githubusercontent.com/BrickPlex/SteamRevolverDB/refs/heads/main/gd2/53c16d65d012198a587f8745bad50014.jpg	https://raw.githubusercontent.com/BrickPlex/SteamRevolverDB/refs/heads/main/70143f3a7d458ba0d514f045e3a3313b.png	https://sites.google.com/view/steamrevolver/steamrevolvers/left-4-dead	Yes	google drive	Yes		Yes
Halo Infinite	https://raw.githubusercontent.com/BrickPlex/SteamRevolverDB/refs/heads/main/download%20(72).jpeg	https://raw.githubusercontent.com/BrickPlex/SteamRevolverDB/refs/heads/main/c6b674f5588228036011778df458d756.png	https://sites.google.com/view/steamrevolver/steamrevolvers/halo-infinite	Yes	google drive	Yes		Yes
Silent hill 3	https://file.garden/Zya8-gItADlYXzdp/download%20(73).jpeg	https://raw.githubusercontent.com/BrickPlex/SteamRevolverDB/refs/heads/main/256x256.png	https://sites.google.com/view/steamrevolver/steamrevolvers/silent-hill-3	Yes	google drive	Yes		Yes
schedule 1	https://file.garden/Zya8-gItADlYXzdp/scedual%20one.jpg	https://raw.githubusercontent.com/BrickPlex/SteamRevolverDB/refs/heads/main/schedule_png_icon_by_arielarroyos_djg7qz8-fullview.png	https://sites.google.com/view/steamrevolver/steamrevolvers/schedule-1	Yes	google drive	Yes		Yes
until dawn	https://file.garden/Zya8-gItADlYXzdp/until%20dawn.jpg	https://raw.githubusercontent.com/BrickPlex/SteamRevolverDB/refs/heads/main/until-dawn_en4s.600.webp	https://drive.google.com/file/d/1BMc2jKOmKy4CKjKSEcK_8lJUdIZuinOY/view?usp=sharing	Yes	google drive	Testing		Yes
Deltarune	https://file.garden/Zya8-gItADlYXzdp/download%20(74).jpeg	https://raw.githubusercontent.com/BrickPlex/SteamRevolverDB/refs/heads/main/7dd11ae2d5ed34925bdbdc9b01866349.ico	https://drive.google.com/file/d/1gKayu-cWKcbj8o2ndcVvMz5u7kmUQPND/view?usp=sharing	Yes	google drive	Testing		Yes
Brotato	https://raw.githubusercontent.com/BrickPlex/SteamRevolverDB/refs/heads/main/download%20(75).jpeg	https://file.garden/Zya8-gItADlYXzdp/1_Xz0oRRFK769LF7FrN7nX0g.jpg	https://drive.google.com/file/d/1ZSu2S12HyYqM-B474dUFU55BqwVRlPcA/view	Yes	google drive	Testing		Yes
Phasmophobia	https://file.garden/Zya8-gItADlYXzdp/download%20(76).jpeg	https://file.garden/Zya8-gItADlYXzdp/1024x1024bb.png	https://drive.google.com/file/d/1j3S9ykOmJ7vnhmSt7lS0jd4G389ESAjE/view	Yes	google drive	Testing		Yes
Starwars Republic Comando	https://file.garden/Zya8-gItADlYXzdp/download%20(77).jpeg	https://file.garden/Zya8-gItADlYXzdp/star.jpg	https://drive.google.com/file/d/1Se8qiLlIScsrBRvsRrz1uLEf6kdFiCrD/view	Yes	google drive	Testing		Yes
Mimesis	https://file.garden/Zya8-gItADlYXzdp/memsis.jpg	https://file.garden/Zya8-gItADlYXzdp/ce0fd329bf46fe88b8c617d833473c48edcb1823.ico	https://drive.google.com/file/d/1H6H2QsgkkpKZeO1iew2ka2dCb64VwUtg/view?usp=sharing	Yes	google drive	Testing		Yes
Undertale	https://raw.githubusercontent.com/BrickPlex/SteamRevolverDB/refs/heads/main/b8e4ffcba1f8184a704c00fe3ba67999.jpg	https://raw.githubusercontent.com/BrickPlex/SteamRevolverDB/refs/heads/main/sans-undertale-icon-29.png	https://drive.google.com/file/d/1uq6E8ZNIDZoF4LcwKO_ig0rV5sMCdsB5/view?usp=sharing	Yes	google drive	Testing		Yes
Super Smash Flash 2	https://raw.githubusercontent.com/BrickPlex/SteamRevolverDB/refs/heads/main/a0608743660c09feb35a28905143a085.jpg	https://file.garden/Zya8-gItADlYXzdp/supersmahflash.ico	https://drive.google.com/file/d/1AL5W5FiPjdmKtnofsmCz24cOZqg8cBCr/view?usp=sharing	Yes	google drive	Testing		Yes
Castle Crashers	https://raw.githubusercontent.com/BrickPlex/SteamRevolverDB/refs/heads/main/2571-castle-crashers.png	https://raw.githubusercontent.com/BrickPlex/SteamRevolverDB/refs/heads/main/dd377ae1aa24bca1e9e94bb355d9b8c7.ico	https://drive.google.com/file/d/1UcRHOcP0fwPwtk-Km3hxfrHBnfDoZ6qZ/view?usp=sharing	Yes	google drive	Testing		Yes
Cyberpunk 2077	https://raw.githubusercontent.com/BrickPlex/SteamRevolverDB/refs/heads/main/ccd4360578371706a922223949ed452b.png	https://raw.githubusercontent.com/BrickPlex/SteamRevolverDB/refs/heads/main/9ba82616fac74de9ce334ea7532cfddc.ico	https://drive.google.com/file/d/1ipEhMxk9CxssK0fkNCeV85fofeh63Z66/view?usp=sharing	Yes	google drive	Dont Work		Yes
The Binding Of Isac	https://raw.githubusercontent.com/BrickPlex/SteamRevolverDB/refs/heads/main/ad093f971fbb27b426aa2aa17b89e100.jpg	https://raw.githubusercontent.com/BrickPlex/SteamRevolverDB/refs/heads/main/e1940719f77abe2ef9a5249421ac8492.png	https://drive.google.com/file/d/15hsQsiwMAbWmoml5-hFcnSUMEsdS424k/view?usp=sharing	Yes	google drive	Testing		Yes
Farcry Primal	https://raw.githubusercontent.com/BrickPlex/SteamRevolverDB/refs/heads/main/05cd9795646d1077a743ada13fbc2c62.jpg	https://file.garden/Zya8-gItADlYXzdp/dc2885225cbcb517bfea1ae528f56428.ico	https://drive.google.com/file/d/1K82cQj9KCyOfmtKMwudeJHlzEYEOcgGh/view?usp=drive_link	Yes	google drive	Testing		Yes
Skyrim	https://raw.githubusercontent.com/BrickPlex/SteamRevolverDB/refs/heads/main/268b33ccfdd00ea4adda84063d34ffb0.jpg	https://file.garden/Zya8-gItADlYXzdp/34fbaaac4624ff7a36ad5056f7ee0c99.png	https://drive.google.com/file/d/1Dl6QX-pqaJ9W9D8yvlQKqjmB-3RFtMpj/view?usp=drive_link	Yes	google drive	Testing		Yes
DefJam Fightfor NY	https://raw.githubusercontent.com/BrickPlex/SteamRevolverDB/refs/heads/main/8564a76485fc52dae3a88b7126baf106.jpg	https://file.garden/Zya8-gItADlYXzdp/a162842aaee8665216acb7555a9b6b61.png	https://drive.google.com/file/d/1wXTsD1l732WtNtLnTnDnAK8m8TtkuyhH/view?usp=drive_link	Yes	google drive	Testing		Yes
Cult Of The Lamb	https://raw.githubusercontent.com/BrickPlex/SteamRevolverDB/refs/heads/main/header.jpg	https://raw.githubusercontent.com/BrickPlex/SteamRevolverDB/refs/heads/main/lamy.png	https://drive.google.com/file/d/1c-9M5RLlHaSoF-ZyHiDoFsn9gtMAQHHk/view?usp=sharing	Yes	google drive	Testing		Yes
Roadside Research	https://raw.githubusercontent.com/BrickPlex/SteamRevolverDB/refs/heads/main/roadsides.jpg	https://raw.githubusercontent.com/BrickPlex/SteamRevolverDB/refs/heads/main/73c02e18eab8bcfe3efbe4b24015fff6a1595d81.jpg	https://drive.google.com/file/d/1Ojtl76H64TFptRn1qIT4c1Tfgc6s_Glh/view?usp=sharing	Yes	google drive	Testing		Yes
Stardew Vally	https://raw.githubusercontent.com/BrickPlex/SteamRevolverDB/refs/heads/main/valy.jpg	https://raw.githubusercontent.com/BrickPlex/SteamRevolverDB/refs/heads/main/40597da3-18fd-4b4c-8cb3-65f042587701.png	https://drive.google.com/file/d/1xrtTIxJyBWAsaZKix58AB2QAKgI_toR7/view	Yes	google drive	Testing		Yes
FInal Fantacy VII	https://raw.githubusercontent.com/BrickPlex/SteamRevolverDB/refs/heads/main/680a8d55cea7984805c47e807c854f84.png	https://raw.githubusercontent.com/BrickPlex/SteamRevolverDB/refs/heads/main/ce7ca56117e9f119f22c9a5f414b16a1.png	https://drive.google.com/file/d/1c_QIbSChlP0To7ne5MgwM07XFzQe_Oqc/view?usp=sharing	Yes	google drive	Testing		Yes
Grand Theft Auto SanAndreas	https://raw.githubusercontent.com/BrickPlex/SteamRevolverDB/refs/heads/main/3c184dcd417be3257ecc68d4c195b463.png	https://raw.githubusercontent.com/BrickPlex/SteamRevolverDB/refs/heads/main/b5b41fac0361d157d9673ecb926af5ae.png	https://drive.google.com/file/d/17x24ndEtDz4xNzqztVeShEb0_bBccIof/view?usp=sharing	Yes	google drive	Testing		Yes
Call of Duty: Black Ops 6	https://raw.githubusercontent.com/BrickPlex/SteamRevolverDB/refs/heads/main/two-banners-for-black-ops-6-including-the-partially-v0-3j4pddvln62d1.jpg	https://raw.githubusercontent.com/BrickPlex/SteamRevolverDB/refs/heads/main/527b834d3861cac582129f0e8e8ccc71.png	https://drive.google.com/file/d/1PPfvj4uH635U0cQktQ18kFy4fjhBSBLg/view?usp=drive_link	Yes	google drive	Yes		Yes
Gears Of War R	https://raw.githubusercontent.com/BrickPlex/SteamRevolverDB/refs/heads/main/e2ef524fbf3d9fe611d5a8e90fefdc9c.jpg	https://raw.githubusercontent.com/BrickPlex/SteamRevolverDB/refs/heads/main/Gears-of-War-Logo.png	https://drive.google.com/file/d/1hP0xv4MnZ0hgyEtRn3ABA7goZRlbFOAK/view?usp=sharing	Yes	google drive	Yes		Yes
Jackal	https://raw.githubusercontent.com/BrickPlex/SteamRevolverDB/refs/heads/main/jackal.jpg	https://raw.githubusercontent.com/BrickPlex/SteamRevolverDB/refs/heads/main/AAAAHHHHHHAAAAAAAAAAAAAAA.jpg	https://drive.google.com/file/d/1F9eBWNUcSKmK1R0SxoXCaD_1jTz3LMWR/view?usp=sharing	Yes	google drive	Yes		Yes
Legend of zelda breath of the wild	https://raw.githubusercontent.com/gibrilphil/CampusGamesDataBase/refs/heads/main/71d1c0c06e1ab5049644acb5cc69a090.jpg	https://raw.githubusercontent.com/gibrilphil/CampusGamesDataBase/refs/heads/main/dc19a6x-07553d55-d4f7-4999-a367-26f7138627ed.png	https://drive.google.com/file/d/1kHKBGCveftwWtXQIQJCIAqki-n1X5c5p/view?usp=sharing	Yes	google drive	Yes		
kill it with fire	https://raw.githubusercontent.com/gibrilphil/CampusGamesDataBase/refs/heads/main/images%20(18).jpg	https://raw.githubusercontent.com/gibrilphil/CampusGamesDataBase/refs/heads/main/5d3aeb49a619b6d76f91335429f81395.jpg	https://drive.google.com/file/d/1cfP6F3DnYAe3ehWdQiLFtAktnO5rna6t/view?usp=sharing	Yes	google drive	Yes		
MC Legacy Edition	https://raw.githubusercontent.com/gibrilphil/CampusGamesDataBase/refs/heads/main/i-was-missing-legacy-edition-so-started-up-a-world-to-v0-xryatuyd2j3c1.jpg	https://raw.githubusercontent.com/gibrilphil/CampusGamesDataBase/refs/heads/main/zxlq67gbthtc1.png	https://sites.google.com/view/steamrevolver/steamrevolvers/mc-legacy-eddition	Yes	google drive	Yes		Yes
Pokemon Black	https://raw.githubusercontent.com/gibrilphil/CampusGamesDataBase/refs/heads/main/images%20(17).jpg	https://raw.githubusercontent.com/gibrilphil/CampusGamesDataBase/refs/heads/main/8d65294979cf7c59fa43f91f993fb5c2.png	https://drive.google.com/drive/folders/1L--YhnBUKFc47oZIEFdMmYqssIByDUFx?usp=sharing	Yes	google drive	Yes		
Resident Evil HD remaster	https://raw.githubusercontent.com/gibrilphil/CampusGamesDataBase/refs/heads/main/images%20(19).jpg	https://raw.githubusercontent.com/gibrilphil/CampusGamesDataBase/refs/heads/main/256x256.png	https://drive.google.com/file/d/1CW4X8OJtyaQDTxXUIL6cI1xScwSqjLHg/view?usp=sharing	Yes	google drive	Yes		
Resident Evil 2 HD	https://github.com/BrickPlex/SteamRevolverDB/blob/main/images%20(20).jpg?raw=true	https://github.com/BrickPlex/SteamRevolverDB/blob/main/fb5b3b5d234aa718062e3b4f6c826e23.png?raw=true	https://drive.google.com/file/d/1-7BjvEnyz_yZP1NK16FsU1y6w44HF4VH/view?usp=sharing	Yes	google drive	Yes		
Resident Evil 3 HD	https://raw.githubusercontent.com/BrickPlex/SteamRevolverDB/refs/heads/main/images%20(21).jpg	https://raw.githubusercontent.com/BrickPlex/SteamRevolverDB/refs/heads/main/313d7aa0d439e23c2b1f2643853f50b3.ico	https://drive.google.com/file/d/1KA-RHTHY77jWLw0KkVMPDasL27A-tvaT/view?usp=sharing	Yes	google drive	Yes		
Resident Evil 4 HD	https://file.garden/Zya8-gItADlYXzdp/rd4.jpg	https://raw.githubusercontent.com/BrickPlex/SteamRevolverDB/refs/heads/main/d76d5d020a5d7d12be1977c89016c97d.jpg	https://drive.google.com/file/d/1zMc4A_4sL3VXZdbJvVPtr4M1hys7KBuj/view?usp=sharing	Yes	google drive	Yes		
Resident Evil 5 (2009)	https://file.garden/Zya8-gItADlYXzdp/re5.jpg	https://file.garden/Zya8-gItADlYXzdp/re52.png	https://drive.google.com/file/d/1IFRQzVgfRewj7bmiPOWqbg66Soyjalg9/view?usp=sharing	Yes	google drive	Yes		
Resident Evil 6	https://file.garden/Zya8-gItADlYXzdp/re6.jpg	https://file.garden/Zya8-gItADlYXzdp/re52.png	https://drive.google.com/file/d/17kAwE1qTBAULvM-l-KS8onbPsF9hQxE2/view?usp=sharing	Yes	google drive	Yes		
Resident Evil 7	https://raw.githubusercontent.com/BrickPlex/SteamRevolverDB/refs/heads/main/gd2/images%20(22).jpg	https://raw.githubusercontent.com/BrickPlex/SteamRevolverDB/refs/heads/main/images%20(23).jpg	https://drive.google.com/file/d/1oI9V8dMuBOWVsrmFy6fivQMcr1YpEz58/view?usp=sharing	Yes	google drive	Yes		
Resident Evil Village	https://raw.githubusercontent.com/BrickPlex/SteamRevolverDB/refs/heads/main/images%20(24).jpg	https://raw.githubusercontent.com/BrickPlex/SteamRevolverDB/refs/heads/main/resident-evil-village-steam-page-update-contains-new-image-v0-4njgamy0dyz51.webp	https://drive.google.com/file/d/1Jq5g2rp_GcWt27X5Z4nLQHTwx8l39Wc_/view?usp=sharing	Yes	google drive	Yes		
Resident Evil 0	https://raw.githubusercontent.com/BrickPlex/SteamRevolverDB/refs/heads/main/images%20(25).jpg	https://raw.githubusercontent.com/BrickPlex/SteamRevolverDB/refs/heads/main/images%20(26).jpg	https://drive.google.com/file/d/1C6Tb0On4cBgibsKL3pEyyQeMGfwqHsAT/view?usp=sharing	Yes	google drive	Yes		
Resident Evil Revelations	https://raw.githubusercontent.com/BrickPlex/SteamRevolverDB/refs/heads/main/images%20(27).jpg	https://raw.githubusercontent.com/BrickPlex/SteamRevolverDB/refs/heads/main/Resident_evil_rev._2012_Capcom.png	https://drive.google.com/file/d/1FV94jesyrnbBywP-joodHQCmmCGZ9uXd/view?usp=sharing	Yes	google drive	Yes		
Portal	https://raw.githubusercontent.com/BrickPlex/SteamRevolverDB/refs/heads/main/images%20(28).jpg	https://raw.githubusercontent.com/BrickPlex/SteamRevolverDB/refs/heads/main/images%20(29).jpg	https://drive.google.com/file/d/1tfzt5SCI1X-Wr4eLs5jHpvsRpUJNi47Z/view?usp=sharing	Yes	google drive	Yes		
Watch Dogs 	https://raw.githubusercontent.com/BrickPlex/SteamRevolverDB/refs/heads/main/watchdogs.jpg	https://raw.githubusercontent.com/BrickPlex/SteamRevolverDB/refs/heads/main/aaddadadadadadda.png	https://drive.google.com/file/d/19E5_BEGvNnuvbPWLERHkBM1UeWlMbXkd/view?usp=sharing	Yes	google drive	Yes		
Detroit Become Human	https://raw.githubusercontent.com/BrickPlex/SteamRevolverDB/refs/heads/main/something-ive-always-wondered-why-does-the-game-banner-show-v0-87o85wpg7n9f1.webp	https://raw.githubusercontent.com/BrickPlex/SteamRevolverDB/refs/heads/main/TwfSb1cX_400x400.jpg	https://drive.google.com/file/d/15J6AGVUOuAFIOAm-s2Sr_CRQ3_BOW3Zn/view?usp=sharing	Yes	google drive	Yes		
FNaF Secret of the minic	https://raw.githubusercontent.com/BrickPlex/SteamRevolverDB/refs/heads/main/33c3647b285f31af940a311b3b8a8a25.jpg	https://raw.githubusercontent.com/BrickPlex/SteamRevolverDB/refs/heads/main/d0e4fe3cc660161e22bb18a6fa58da73.ico	https://drive.google.com/file/d/1YQcDV3iuyVljGkBIcsR-PqXDTs11loji/view?usp=sharing	Yes	google drive	Yes		
Resident Evil Requiem	https://raw.githubusercontent.com/BrickPlex/SteamRevolverDB/refs/heads/main/requiem.jpg	https://raw.githubusercontent.com/BrickPlex/SteamRevolverDB/refs/heads/main/382b0b74c3154fae52a33be0108e1748f87a9478.ico	https://drive.google.com/file/d/1jAgueUcV2vHTXvPDH37D5bY6UcxB7HUm/view?usp=sharing	Yes	google drive	Yes		Yes
Red dead redemption 2	https://raw.githubusercontent.com/BrickPlex/SteamRevolverDB/refs/heads/main/library_heroarthur_2x.jpg	https://raw.githubusercontent.com/BrickPlex/SteamRevolverDB/refs/heads/main/hero_capsuarthurle.jpg	https://ts.bzzhr.to/d/ck7nob6r1bcv?v=zBlhz51ag2ZNp04tSzV4DwLbx68IhrpzC88fdgJR7USFEKbUVWFRij1cmBD_17qaYxPNRAirdcXDa94D93ueLKaH4nh6OeuQWfyo_T43DBc25CR-XRu53vLO9wBM-9mn3xZYDc4vnHE3nSlQVzzB5kppUqaLjodAhTxWpg	Yes	Buzzheather	Testing		